6fe4_I	6fe4_I	1
5o05_D	5o05_D	1
5hvh_B	5hvh_B	1
7stg_F	7stg_F	1
5f8r_D	5f8r_D	1
7n0s_D	7n0s_D	1
1op9_A	1op9_A	1
7rg9_N	7rg9_N	1
7st3_f	7st3_f	1
7n9v_E	7n9v_E	1
6xw4_C	6xw4_C	1
4lgs_B	4lgs_B	1
6oyz_F	6oyz_F	1
4lhq_D	4lhq_D	1
7d5q_D	7d5q_D	1
6oca_D	6oca_D	1
6fuz_N	6fuz_N	1
8ew6_V	8ew6_V	1
7aqx_C	7aqx_C	1
6n4y_G	6n4y_G	1
5f7k_D	5f7k_D	1
7lpn_D	7lpn_D	1
6ey0_F	6ey0_F	1
6sc7_B	6sc7_B	1
1kxt_B	1kxt_B	1
7p16_B	7p16_B	1
7a0v_F	7a0v_F	1
2bse_F	2bse_F	1
7ssh_H	7ssh_H	1
5e7f_B	5e7f_B	1
7czd_A	7czd_A	1
5lwf_C	5lwf_C	1
6ibb_D	6ibb_D	1
6tyl_J	6tyl_J	1
7x4i_H	7x4i_H	1
6war_D	6war_D	1
4krp_B	4krp_B	1
2p42_D	2p42_D	1
7f1g_D	7f1g_D	1
4gft_B	4gft_B	1
7ldj_E	7ldj_E	1
5f7y_D	5f7y_D	1
6oca_C	6oca_C	1
8bzy_B	8bzy_B	1
8cyj_C	8cyj_C	1
7zmt_C	7zmt_C	1
5vxk_B	5vxk_B	1
4s10_B	4s10_B	1
6zpl_E	6zpl_E	1
6u52_A	6u52_A	1
6xw6_D	6xw6_D	1
5f7k_D	6fe4_I	0
7d5q_D	6fe4_I	0
5o05_D	6fe4_I	0
7ldj_E	6fe4_I	0
4s10_B	6fe4_I	0
7ssh_H	6fe4_I	0
2bse_F	6fe4_I	0
6war_D	6fe4_I	0
7st3_f	6fe4_I	0
8cyj_C	6fe4_I	0
6oyz_F	5o05_D	0
6tyl_J	5o05_D	0
7n0s_D	5o05_D	0
7st3_f	5o05_D	0
7n0s_D	5o05_D	0
1op9_A	5o05_D	0
6u52_A	5o05_D	0
4krp_B	5o05_D	0
6tyl_J	5o05_D	0
8cyj_C	5o05_D	0
5f7y_D	5hvh_B	0
5f7y_D	5hvh_B	0
5hvh_B	5hvh_B	0
7zmt_C	5hvh_B	0
8ew6_V	5hvh_B	0
5o05_D	5hvh_B	0
8ew6_V	5hvh_B	0
7lpn_D	5hvh_B	0
5f8r_D	5hvh_B	0
7x4i_H	5hvh_B	0
7ssh_H	7stg_F	0
5e7f_B	7stg_F	0
6xw6_D	7stg_F	0
6oca_C	7stg_F	0
7st3_f	7stg_F	0
5f8r_D	7stg_F	0
5o05_D	7stg_F	0
6zpl_E	7stg_F	0
7d5q_D	7stg_F	0
7f1g_D	7stg_F	0
6xw4_C	5f8r_D	0
7czd_A	5f8r_D	0
6ey0_F	5f8r_D	0
4s10_B	5f8r_D	0
7n9v_E	5f8r_D	0
6u52_A	5f8r_D	0
5o05_D	5f8r_D	0
6ibb_D	5f8r_D	0
6war_D	5f8r_D	0
7stg_F	5f8r_D	0
5f8r_D	7n0s_D	0
7stg_F	7n0s_D	0
5hvh_B	7n0s_D	0
7d5q_D	7n0s_D	0
6oca_C	7n0s_D	0
7f1g_D	7n0s_D	0
6zpl_E	7n0s_D	0
7d5q_D	7n0s_D	0
8bzy_B	7n0s_D	0
4krp_B	7n0s_D	0
1op9_A	1op9_A	0
7zmt_C	1op9_A	0
4krp_B	1op9_A	0
7a0v_F	1op9_A	0
1op9_A	1op9_A	0
5e7f_B	1op9_A	0
7stg_F	1op9_A	0
7ssh_H	1op9_A	0
7d5q_D	1op9_A	0
6fuz_N	1op9_A	0
7p16_B	7rg9_N	0
7st3_f	7rg9_N	0
1kxt_B	7rg9_N	0
5vxk_B	7rg9_N	0
7zmt_C	7rg9_N	0
8cyj_C	7rg9_N	0
5f7k_D	7rg9_N	0
6u52_A	7rg9_N	0
6fe4_I	7rg9_N	0
6fuz_N	7rg9_N	0
4lgs_B	7st3_f	0
7n0s_D	7st3_f	0
7d5q_D	7st3_f	0
5f7k_D	7st3_f	0
4gft_B	7st3_f	0
1kxt_B	7st3_f	0
7p16_B	7st3_f	0
7a0v_F	7st3_f	0
5vxk_B	7st3_f	0
6war_D	7st3_f	0
1kxt_B	7n9v_E	0
5e7f_B	7n9v_E	0
6oca_D	7n9v_E	0
6tyl_J	7n9v_E	0
8ew6_V	7n9v_E	0
7stg_F	7n9v_E	0
7p16_B	7n9v_E	0
1kxt_B	7n9v_E	0
7n0s_D	7n9v_E	0
1kxt_B	7n9v_E	0
7lpn_D	6xw4_C	0
5hvh_B	6xw4_C	0
8bzy_B	6xw4_C	0
7f1g_D	6xw4_C	0
7p16_B	6xw4_C	0
6xw6_D	6xw4_C	0
7aqx_C	6xw4_C	0
8ew6_V	6xw4_C	0
8ew6_V	6xw4_C	0
7rg9_N	6xw4_C	0
8ew6_V	4lgs_B	0
4gft_B	4lgs_B	0
8ew6_V	4lgs_B	0
8bzy_B	4lgs_B	0
6u52_A	4lgs_B	0
4lhq_D	4lgs_B	0
6u52_A	4lgs_B	0
6xw6_D	4lgs_B	0
5lwf_C	4lgs_B	0
5f7y_D	4lgs_B	0
7ldj_E	6oyz_F	0
6war_D	6oyz_F	0
2p42_D	6oyz_F	0
4gft_B	6oyz_F	0
6fuz_N	6oyz_F	0
7lpn_D	6oyz_F	0
6u52_A	6oyz_F	0
7a0v_F	6oyz_F	0
7x4i_H	6oyz_F	0
6fe4_I	6oyz_F	0
7stg_F	4lhq_D	0
6fuz_N	4lhq_D	0
6fe4_I	4lhq_D	0
7lpn_D	4lhq_D	0
6fe4_I	4lhq_D	0
8ew6_V	4lhq_D	0
6war_D	4lhq_D	0
7p16_B	4lhq_D	0
4gft_B	4lhq_D	0
7ldj_E	4lhq_D	0
6fe4_I	7d5q_D	0
7lpn_D	7d5q_D	0
7aqx_C	7d5q_D	0
1kxt_B	7d5q_D	0
6war_D	7d5q_D	0
7zmt_C	7d5q_D	0
7aqx_C	7d5q_D	0
6zpl_E	7d5q_D	0
6xw4_C	7d5q_D	0
7czd_A	7d5q_D	0
4lhq_D	6oca_D	0
7x4i_H	6oca_D	0
7ldj_E	6oca_D	0
7n9v_E	6oca_D	0
7d5q_D	6oca_D	0
6tyl_J	6oca_D	0
5lwf_C	6oca_D	0
5hvh_B	6oca_D	0
5o05_D	6oca_D	0
7f1g_D	6oca_D	0
1kxt_B	6fuz_N	0
4lgs_B	6fuz_N	0
7lpn_D	6fuz_N	0
7stg_F	6fuz_N	0
7czd_A	6fuz_N	0
6zpl_E	6fuz_N	0
5f7k_D	6fuz_N	0
6tyl_J	6fuz_N	0
6tyl_J	6fuz_N	0
7ssh_H	6fuz_N	0
2p42_D	8ew6_V	0
6fe4_I	8ew6_V	0
4s10_B	8ew6_V	0
2p42_D	8ew6_V	0
7f1g_D	8ew6_V	0
7ssh_H	8ew6_V	0
6fuz_N	8ew6_V	0
4s10_B	8ew6_V	0
6war_D	8ew6_V	0
6tyl_J	8ew6_V	0
4lhq_D	7aqx_C	0
7lpn_D	7aqx_C	0
6xw4_C	7aqx_C	0
7ldj_E	7aqx_C	0
6oca_D	7aqx_C	0
4gft_B	7aqx_C	0
7d5q_D	7aqx_C	0
8cyj_C	7aqx_C	0
7f1g_D	7aqx_C	0
5e7f_B	7aqx_C	0
7ldj_E	6n4y_G	0
6xw6_D	6n4y_G	0
2p42_D	6n4y_G	0
6xw4_C	6n4y_G	0
6war_D	6n4y_G	0
6zpl_E	6n4y_G	0
6u52_A	6n4y_G	0
4gft_B	6n4y_G	0
7p16_B	6n4y_G	0
4lhq_D	6n4y_G	0
1kxt_B	5f7k_D	0
7lpn_D	5f7k_D	0
5f8r_D	5f7k_D	0
5vxk_B	5f7k_D	0
7stg_F	5f7k_D	0
4lgs_B	5f7k_D	0
5f7y_D	5f7k_D	0
4s10_B	5f7k_D	0
7d5q_D	5f7k_D	0
6war_D	5f7k_D	0
7a0v_F	7lpn_D	0
7rg9_N	7lpn_D	0
5o05_D	7lpn_D	0
6ibb_D	7lpn_D	0
6ibb_D	7lpn_D	0
6u52_A	7lpn_D	0
6fe4_I	7lpn_D	0
6ey0_F	7lpn_D	0
6oca_D	7lpn_D	0
7aqx_C	7lpn_D	0
7n9v_E	6ey0_F	0
7p16_B	6ey0_F	0
8ew6_V	6ey0_F	0
4krp_B	6ey0_F	0
1kxt_B	6ey0_F	0
6xw4_C	6ey0_F	0
8bzy_B	6ey0_F	0
5lwf_C	6ey0_F	0
5f8r_D	6ey0_F	0
6u52_A	6ey0_F	0
4gft_B	6sc7_B	0
6zpl_E	6sc7_B	0
6ibb_D	6sc7_B	0
5vxk_B	6sc7_B	0
6u52_A	6sc7_B	0
6xw6_D	6sc7_B	0
4lgs_B	6sc7_B	0
6zpl_E	6sc7_B	0
2p42_D	6sc7_B	0
7d5q_D	6sc7_B	0
7st3_f	1kxt_B	0
8bzy_B	1kxt_B	0
7ssh_H	1kxt_B	0
8ew6_V	1kxt_B	0
5e7f_B	1kxt_B	0
7rg9_N	1kxt_B	0
8ew6_V	1kxt_B	0
6xw6_D	1kxt_B	0
6war_D	1kxt_B	0
4gft_B	1kxt_B	0
5lwf_C	7p16_B	0
8bzy_B	7p16_B	0
7x4i_H	7p16_B	0
2p42_D	7p16_B	0
6ibb_D	7p16_B	0
6fe4_I	7p16_B	0
5o05_D	7p16_B	0
7rg9_N	7p16_B	0
6oca_D	7p16_B	0
7a0v_F	7p16_B	0
4s10_B	7a0v_F	0
7zmt_C	7a0v_F	0
8cyj_C	7a0v_F	0
7aqx_C	7a0v_F	0
2p42_D	7a0v_F	0
8bzy_B	7a0v_F	0
5lwf_C	7a0v_F	0
7n9v_E	7a0v_F	0
2p42_D	7a0v_F	0
4lgs_B	7a0v_F	0
7f1g_D	2bse_F	0
4lhq_D	2bse_F	0
6war_D	2bse_F	0
6n4y_G	2bse_F	0
5vxk_B	2bse_F	0
7rg9_N	2bse_F	0
8ew6_V	2bse_F	0
6fuz_N	2bse_F	0
8cyj_C	2bse_F	0
7p16_B	2bse_F	0
7p16_B	7ssh_H	0
6xw6_D	7ssh_H	0
6xw4_C	7ssh_H	0
6xw6_D	7ssh_H	0
2bse_F	7ssh_H	0
7a0v_F	7ssh_H	0
7n9v_E	7ssh_H	0
6n4y_G	7ssh_H	0
5o05_D	7ssh_H	0
6oyz_F	7ssh_H	0
7ssh_H	5e7f_B	0
1kxt_B	5e7f_B	0
5hvh_B	5e7f_B	0
7lpn_D	5e7f_B	0
6tyl_J	5e7f_B	0
2p42_D	5e7f_B	0
6ibb_D	5e7f_B	0
7d5q_D	5e7f_B	0
4gft_B	5e7f_B	0
6oca_C	5e7f_B	0
7czd_A	7czd_A	0
7aqx_C	7czd_A	0
6sc7_B	7czd_A	0
5vxk_B	7czd_A	0
7rg9_N	7czd_A	0
7p16_B	7czd_A	0
6oyz_F	7czd_A	0
7f1g_D	7czd_A	0
4gft_B	7czd_A	0
6fuz_N	7czd_A	0
6u52_A	5lwf_C	0
4lhq_D	5lwf_C	0
6sc7_B	5lwf_C	0
6sc7_B	5lwf_C	0
5e7f_B	5lwf_C	0
1op9_A	5lwf_C	0
5e7f_B	5lwf_C	0
5vxk_B	5lwf_C	0
6oyz_F	5lwf_C	0
7a0v_F	5lwf_C	0
6xw6_D	6ibb_D	0
7stg_F	6ibb_D	0
7stg_F	6ibb_D	0
4lhq_D	6ibb_D	0
6zpl_E	6ibb_D	0
5o05_D	6ibb_D	0
6n4y_G	6ibb_D	0
6xw4_C	6ibb_D	0
2bse_F	6ibb_D	0
7p16_B	6ibb_D	0
4lhq_D	6tyl_J	0
5f8r_D	6tyl_J	0
4lhq_D	6tyl_J	0
7ssh_H	6tyl_J	0
6oca_D	6tyl_J	0
4krp_B	6tyl_J	0
7czd_A	6tyl_J	0
6oyz_F	6tyl_J	0
6oca_C	6tyl_J	0
5f7k_D	6tyl_J	0
6xw6_D	7x4i_H	0
5hvh_B	7x4i_H	0
6tyl_J	7x4i_H	0
5vxk_B	7x4i_H	0
5o05_D	7x4i_H	0
6fe4_I	7x4i_H	0
7x4i_H	7x4i_H	0
1op9_A	7x4i_H	0
6oca_C	7x4i_H	0
7p16_B	7x4i_H	0
1kxt_B	6war_D	0
8cyj_C	6war_D	0
8bzy_B	6war_D	0
6tyl_J	6war_D	0
7stg_F	6war_D	0
8ew6_V	6war_D	0
7stg_F	6war_D	0
7czd_A	6war_D	0
7rg9_N	6war_D	0
4s10_B	6war_D	0
5hvh_B	4krp_B	0
5f7y_D	4krp_B	0
5o05_D	4krp_B	0
7aqx_C	4krp_B	0
7ldj_E	4krp_B	0
7aqx_C	4krp_B	0
5f7k_D	4krp_B	0
7aqx_C	4krp_B	0
8bzy_B	4krp_B	0
6sc7_B	4krp_B	0
5f7y_D	2p42_D	0
4gft_B	2p42_D	0
6u52_A	2p42_D	0
6oyz_F	2p42_D	0
7st3_f	2p42_D	0
8bzy_B	2p42_D	0
7rg9_N	2p42_D	0
6oca_C	2p42_D	0
4s10_B	2p42_D	0
6xw6_D	2p42_D	0
6war_D	7f1g_D	0
7lpn_D	7f1g_D	0
6ibb_D	7f1g_D	0
6ibb_D	7f1g_D	0
4krp_B	7f1g_D	0
7rg9_N	7f1g_D	0
7ssh_H	7f1g_D	0
4lgs_B	7f1g_D	0
8cyj_C	7f1g_D	0
2bse_F	7f1g_D	0
7czd_A	4gft_B	0
7ldj_E	4gft_B	0
2bse_F	4gft_B	0
8ew6_V	4gft_B	0
8bzy_B	4gft_B	0
7aqx_C	4gft_B	0
2bse_F	4gft_B	0
8cyj_C	4gft_B	0
7f1g_D	4gft_B	0
7lpn_D	4gft_B	0
6war_D	7ldj_E	0
5f7y_D	7ldj_E	0
7a0v_F	7ldj_E	0
1op9_A	7ldj_E	0
7st3_f	7ldj_E	0
7czd_A	7ldj_E	0
2bse_F	7ldj_E	0
1op9_A	7ldj_E	0
7zmt_C	7ldj_E	0
7ldj_E	7ldj_E	0
6u52_A	5f7y_D	0
7d5q_D	5f7y_D	0
7stg_F	5f7y_D	0
7stg_F	5f7y_D	0
7aqx_C	5f7y_D	0
7ssh_H	5f7y_D	0
7zmt_C	5f7y_D	0
7n9v_E	5f7y_D	0
4krp_B	5f7y_D	0
2p42_D	5f7y_D	0
7d5q_D	6oca_C	0
5hvh_B	6oca_C	0
5e7f_B	6oca_C	0
6ibb_D	6oca_C	0
6xw6_D	6oca_C	0
7rg9_N	6oca_C	0
5o05_D	6oca_C	0
7lpn_D	6oca_C	0
6oca_C	6oca_C	0
6u52_A	6oca_C	0
4s10_B	8bzy_B	0
7n9v_E	8bzy_B	0
7n0s_D	8bzy_B	0
7st3_f	8bzy_B	0
7d5q_D	8bzy_B	0
7a0v_F	8bzy_B	0
6sc7_B	8bzy_B	0
6u52_A	8bzy_B	0
6xw4_C	8bzy_B	0
8bzy_B	8bzy_B	0
6ibb_D	8cyj_C	0
7czd_A	8cyj_C	0
4krp_B	8cyj_C	0
4lhq_D	8cyj_C	0
7lpn_D	8cyj_C	0
5e7f_B	8cyj_C	0
5vxk_B	8cyj_C	0
4gft_B	8cyj_C	0
7stg_F	8cyj_C	0
7ldj_E	8cyj_C	0
6oca_D	7zmt_C	0
6zpl_E	7zmt_C	0
8bzy_B	7zmt_C	0
6sc7_B	7zmt_C	0
7rg9_N	7zmt_C	0
7n9v_E	7zmt_C	0
5f7y_D	7zmt_C	0
6xw6_D	7zmt_C	0
7ssh_H	7zmt_C	0
8bzy_B	7zmt_C	0
7lpn_D	5vxk_B	0
7lpn_D	5vxk_B	0
7f1g_D	5vxk_B	0
4lhq_D	5vxk_B	0
7czd_A	5vxk_B	0
6ey0_F	5vxk_B	0
7d5q_D	5vxk_B	0
6sc7_B	5vxk_B	0
7aqx_C	5vxk_B	0
6tyl_J	5vxk_B	0
6war_D	4s10_B	0
7f1g_D	4s10_B	0
5lwf_C	4s10_B	0
5f7y_D	4s10_B	0
7zmt_C	4s10_B	0
5f8r_D	4s10_B	0
6fe4_I	4s10_B	0
5vxk_B	4s10_B	0
6n4y_G	4s10_B	0
1kxt_B	4s10_B	0
7d5q_D	6zpl_E	0
8bzy_B	6zpl_E	0
6oca_D	6zpl_E	0
6oyz_F	6zpl_E	0
5o05_D	6zpl_E	0
4krp_B	6zpl_E	0
5f7k_D	6zpl_E	0
6fe4_I	6zpl_E	0
5f8r_D	6zpl_E	0
6u52_A	6zpl_E	0
7stg_F	6u52_A	0
6oyz_F	6u52_A	0
6fe4_I	6u52_A	0
6war_D	6u52_A	0
1op9_A	6u52_A	0
5lwf_C	6u52_A	0
5lwf_C	6u52_A	0
6oca_C	6u52_A	0
6oyz_F	6u52_A	0
7czd_A	6u52_A	0
4krp_B	6xw6_D	0
6ibb_D	6xw6_D	0
7n9v_E	6xw6_D	0
1op9_A	6xw6_D	0
5vxk_B	6xw6_D	0
7ldj_E	6xw6_D	0
5lwf_C	6xw6_D	0
6fuz_N	6xw6_D	0
5f8r_D	6xw6_D	0
5f7k_D	6xw6_D	0
